Year,RVMPO
2005,1.084613643
2010,1.084613643
2038,1.084613643
2050,1.084613643
