Mode,Factor
DR,0.184373721
VP,0.875063032
MB,1
RB,1.905247273
MG,1.085943259
SR,1.919882141
HR,3.433891627
CR,5.321462443
