Msa,Fwy,Art
RVMPO,0.593052885,0.180234719
