Value,Area,Fwy,Art,Other
BusVmt,RVMPO,0,0.65304799,0.34695201
TruckVmt,RVMPO,0.452028197,0.398645294,0.149326508
